id,first_name,last_name,email,gender,ip_address
1,Ladonna,Blair,lblair0@hexun.com,Female,193.205.198.113
2,Chancey,Ruby,cruby1@xing.com,Male,193.14.137.203
3,Nicholas,Tomaskunas,ntomaskunas2@fotki.com,Male,124.116.206.204
4,Yettie,Elden,yelden3@cam.ac.uk,Female,254.224.155.18
5,Viole,Assante,vassante4@live.com,Female,118.191.64.17
6,Florance,Naismith,fnaismith5@jiathis.com,Female,131.24.53.208
7,Levon,Woolacott,lwoolacott6@ucoz.ru,Male,42.123.63.119
8,Marne,McKenney,mmckenney7@hubpages.com,Female,5.185.37.57
9,Tailor,Bartalin,tbartalin8@cbslocal.com,Male,40.146.220.137
10,Hedvig,Guttridge,hguttridge9@barnesandnoble.com,Female,148.196.166.61
